ID	TITLE
7923488	Smartphone ASUS Zenfone II ZE551 16GB 4G Tela 5.5 ZE551ML-6C705WW - BVOLT
10026591	Caminhão Super Bombeiro Resgate Som E Luz - Magic Toys
10027542	Transformers 4 Power Battlers Dinobot Strafe - Hasbro
10029798	Violão Elétrico Michael Vm921 Folk Aço Natural Fosco C/Bag
10029845	Violão Elétrico Michael Venetian Vm625dtst Aço - Natural Satin
10156720	Pulseira Masculina Feminina Lava Vulcância Crucifixo
10157129	Pulseira Masculina Pedra Ônix Olho Tigre
10157548	Pulseira Masculina Feminina Pedra Ônix E Turquesa
10171277	Churrasqueira Rotativa Vertical à Gás Amarela 1055 - Malta
10223260	Bumper  Case Flip Cover Fashion Iphone 5/5s (Bd04)
10252444	Omnitrix Touch Omniverse Nova Versão - Sunny 654
10438899	Boneca Anne Cante Comigo Recita Contos E Canta 204 - Super Toys
10439119	Boneca Fábula Encantada - Super Toys
10441496	Deva Curl One Condition
10443427	Capa Flip Cover S-view Asus Zenfone 2 Ze551ml Pink
10443546	Capa De Tpu Microsoft Lumia 532 Grafite
10443622	Capa Flip Cover S-View Asus Zenfone 2 Ze551ml Rosa
10443864	Violão Eagle Folk Ch888 Nt Natural Aço Elétrico C Afinador
10443994	Violão Eagle Folk Ch887 Sb Sunbusrt Aço Elétrico C Afinador
10444256	Violão Elétrico Aço Hofma Ye231 Nt Natural C Afinador
10455583	Escova Teen Rock Racket  - Ricca Belliz
10471711	Probelle Shampoo Force Relax - 1000ml
10476412	Tamborete Do Bob Zoom
10479907	Capa Personalizada Exclusiva Nokia Lumia 830 N830 - Fl14
10483706	Violão Elétrico Michael Folk Vm925dtss Aço - Sunburst Fosco
10483745	Violão Elétrico Michael Folk Vm925dtst Aço - Natural Satin
10490294	Adaptador Visual Sound L6 Converter Cl6
10497615	Kerastase Resistance Force Architecte Shampoo 250 Ml
10500012	Capa Tpu Xiaomi Redmi 2 - Grafite
10500622	Capa Personalizada Exclusiva Sony Xperia M2 Aqua D2403 D2406 - At75
10500731	Capa Personalizada Exclusiva Sony Xperia M2 Aqua D2403 D2406 - Cd27
10505404	Lentes Celular 4 Em 1 Telescopica Zoom 10x Universal Fisheye
10508236	Capa Personalizada Exclusiva Sony Xperia Z3 Compact Mini D5803 D5833 - Vt12
10508284	Capa Personalizada Exclusiva Sony Xperia Z3 Compact Mini D5803 D5833 - Hg01
10508331	Capa Personalizada Exclusiva Sony Xperia Z3 Compact Mini D5803 D5833 - At06
10508352	Capa Personalizada Exclusiva Sony Xperia Z3 Compact Mini D5803 D5833 - At49
10514532	Capa Personalizada Exclusiva Xiaomi Redmi 2 - Ep10
10518681	Esmerilhadeira Angular 4.1/2? Gws 6-115 Professional
10522654	Relax Salon Line Guanidina Manga Medios Ou Finos 218g
10527379	Violão Canhoto Elétrico Aço Natural Dallas Tuner Tagima
10539823	Capa Personalizada Exclusiva Motorola Moto G3 3ª Geração - Cv12
10540000	Capa Personalizada Exclusiva Motorola Moto G3 3ª Geração - At75
10540095	Capa Personalizada Exclusiva Motorola Moto G3 3ª Geração - Pe17
10540120	Capa Personalizada Exclusiva Motorola Moto G3 3ª Geração - Tx55
10542332	Shampoo Dove Óleo Nutrição 200ml
10543402	Wella Professionals Color Touch Pure Naturals 4/0 Castanho Médio 60g
10553971	Bracadeira Motorola Moto E
10554154	Bracadeira Motorola Moto X
10554571	Bracadeira Sony Xperia Z3 Compact - Underbody
10556362	Clips 8/0 500g 180 Un - Bacchi
10556422	Cremeira Wave Vermelha 350ml Ou
10556457	Clips Galvanizados Ref.2 500G. Bacchi
10557115	Capa Personalizada Exclusiva Sony Xperia Z3 Compact Mini D5803 D5833 - De03
10557881	Blush Up Corretor Dailus
10558842	Caneca Coffee ZOOM
10558976	Teclado Controlador Akai Apc Key 25
10562893	Bumper Motorola Moto G2 Amarelo
10570423	Papel Scrapbook Folha Simple Âncora LSC-215 - Litocart
10580743	Capa Transpararente Xperia M4 Ou M4 Aqua - Cristal Flexível Premium
10584226	Capa Tpu Motorola Moto G3 3ª Geração - Grafite
10588490	Capa Flip Cover Motorola Moto G Couro Flores
10589064	Capa Flip Cover Motorola Moto E Couro Estrela
10591522	Capa Carteira Para Microsoft Lumia 435
10597298	Carrinho Pick-Up Bombeiro - Calesita
10603893	Capa Samsung Galaxy S4 New York
10604073	Capa Motorola D1 Pc Colorido You Make Me Smile
10613857	Co Tresemme Blindagem Platinum 400ml
10616177	Adesivo Borda Artesanal II Bebê Menino AD1537 - Toke e Crie
10617250	Colchão Casal Ecoline D-23 C/ Sistema Antiácaro, Antifungo E Antialérgico (138x188x17)
10617264	Colchão Casal Ecoline D-23 C/ Sistema Antiácaro, Antifungo E Antialérgico (138x188x20)
10629579	Bumper Motorola Moto E Amarelo
10631906	Caneca Porcelana Dc Coringa- 300 Ml
10632700	Relógio Diesel Mega Chief DZ4320/0PN
10633439	Bag Rockbag Eco Line P/ Violão Clássico Rb 20538 B
10637465	Capa Flip Cover Samsung Galaxy S4 Mini Roxo
10637516	Capa Lg L5 Ii Pc Smile
10638205	Capa Samsung Galaxy S4 Flip Rosa
10638273	Capa Lg L5 Ii Tpu Amarelo
10638325	Capa Lg L5 Ii Tpu Roxo
10645012	Print Server Tp-Link Tl-Ps110p Pararelo
10646032	Capa Samsung Galaxy S4 I9500 Flip Cinza - Idea
10650989	Sabonete Facial Dermotivin Salix Foam Espuma 130mL
10653283	Capa E Película Underbody Nokia Lumia 535
10653477	Capa Tpu Motorola Moto G3 Xt1543 Xt1544 3ª Geração Transparente
10653877	Capa Personalizada Exclusiva Asus Zenfone 5 A501 - De03
10654530	Bateria P/ Aparelho Auditivo Power One P-675
10658799	Itallian Hairtech Extreme-Up Liso Fugace 230 ml
11516099	Smartphone Motorola Moto Z2 Play Sound Edition Platinum 64GB, Tela 5.5'', Dual Chip, Câmera 12MP, Android 7.1, Processador Octa-Core e 4GB de RAM
11516101	Smartphone Motorola Moto Z2 Play Sound Edition Ouro 64GB, Tela 5.5'', Dual Chip, Câmera 12MP, Android 7.1, Processador Octa-Core e 4GB de RAM
11516103	Smartphone Motorola Moto Z2 Play Projector Edition Platinum 64GB, Tela 5.5'', Dual Chip, Câmera 12MP, Android 7.1, Processador Octa-Core e 4GB de RAM
11811144	Smartphone Motorola Moto Z2 Play GamePad Edition Platinum 64GB, Tela 5.5'', Dual Chip, Câmera 12MP, Android 7.1, Processador Octa-Core e 4GB de RAM
22996794	"Celular Smartphone Tp-link Neffos C5l 4g Lte 4.5"" 8gb Branco"
27797661	Motorola Moto C Plus XT1726
28304576	Smartphone Motorola Moto C Plus XT1723 Dual Sim LTE 5.0´´ 16GB Câm.8MP+2MP-Preto
39512318	Smartphone Huawei Mate 10 Lite 64gb 4 Gb Ram DualSim Tela 5.9 - Dourado
686521708	Smartphone Lg K10 Novo 2017 32gb E 2g Ram +  Frete Grátis
705112358	Apple Iphone 6 16gb Space Gray Original Nacional Vitrine
708769702	Lançamento Smartphone Cat S61 Tela 5.2 64gb 4g Dual Sim
717103137	Celular Motorola Moto G6 Play Xt1922 4g 32gb Dual Android 8
727798920	Motorola I867 Ferrari
735473636	Celular Motorola Moto G6 Plus Dual 64gb 4gbram Tv Xt1926-8
778531875	Novo Motorola Moto G5s Plus Xt1802 32gb 13mp 4g Rose +nf
780539443	Celular Xiaomi Redmi Mi A1 4g Dual 64gb 4gb Ram 5.5' Lacrado
794323295	Smartphone Cat Caterpillar S60 Lte 32gb !! Pronta Entrega !!
795691568	Smartphone Celular Caterpillar Cat S60 32gb Câm Térmica 4g
811025694	Sony Xperia Xz1 Compact 32gb G8441 4g 4gb Ram Snapdragon 835
812468070	Celular Iphone 5s 32gb Desbloqueado 100% Funcionando 3g 4g B
823209286	Celular Caterpillar Cat S60 32gb Cam Térmica 4g Original
824511715	Imbativel Corra ! Motorola Moto G5 Xt1676 4g Orig+brinde+nf
840749892	Motorola Xt1626 Moto G4 Dual Chip 16gb 4g  Preto | Novo
849470172	Celular Motorola Moto G6 Play Xt1922 4g 32gb Dual Android 8
853248747	Smartphone Motorola Moto C Plus 16gb Mem 4g Dual 2gb Ram
853254183	Smartphone Motorola Moto C Plus 16gb Mem 4g Dual 2gb Ram
860120130	Lg K10 Novo 2017 Lgm250ds 32gb Dourado Lacrado
860120250	Celular Lg K10 Power Novo M320tv Indigo Câmera 13mp 32gb
860123050	Lg K10 Power M320tv Indigo Original Lacrado Frete Grátis
865315186	Promoção  Celular Samsung Galaxy S6 Edge 64gb G925 - Vitrine
880918239	Iphone Apple 8 64gb Plus Debloq S/juros Leia Anúncio
882236621	Smartphone Barato Xiaomi Redmi Note 4 Leitor De Digital 32gb
885751260	Novo Moto G5 Xt1676 16g Orig+brinde+nota Fiscal+frete Gratis
888708040	Smartphone Samsung Galaxy S6 Edge G925i 32gb Preto (vitrine)
895482381	Motorola Moto G5 Xt1671 | 32gb | Dual | Android 7.0 |
896633212	Celular Motorola Moto C Plus Xt1724 Dual Sim 16gb Tela 5
900513018	+ Brindes Grátis+ Motorola Moto G4 Plus 32gb Xt1640 -vitrine
907635551	Caterpillar Cat S60 - Duro Na Queda! - 32gb Câmera Termica!
910763540	Samsung Galaxy S8 5.8in 64gb Câmera 12mp+8mp Ametista
919481440	Celular Moto G5 Xt1671 Novo 32gb  Orig+brinde+nota Fiscal
920970470	Zenfone 4 Selfie Dourado Asus 4g 64gb 4gb 20+8 Mp - Zd553kl
925541875	Smartphone Samsung Galaxy J7 Pro 64gb 4g J730 12x Sem Juros
925541897	Smartphone Samsung Galaxy J7 Pro 64gb 4g J730 Desbloqueado
927874482	Apple Iphone 8 Plus 64gb Novo Lacrado 1 Ano De Garantia +nf
927962384	Celular Lg K10 Power M320tv 32gb Tela 5.5'' Azul Indigo 4g
928765806	Lançamento Xiaomi Redmi S2 64gb Dual Sim Rom Global Oreo 8.1
929531936	Celular Motorola Moto C Plus Xt1724 Dual  16gb Tela 5 + Fone
929580295	Iphone 8 64gb Novo Lacrado Anatel Garantia Pela Apple 1 Ano
929583341	Iphone 8 Plus 64gb Novo Lacrado Origina Garantia 1 Ano Apple
930230864	Xiaomi Mi A2 Lite 64gb 4gb Dual Chip Tela 5,84' - Rom Global
930234729	Xiaomi Mi 8 64gb 6gb Dual Tela 6,2 Snapdragon 845 Rom Global
933654808	Celular Xiaomi Mi A1 Tela 5.5 4gb Ram 64gb 2 Chips Android
937589848	Iphone 7 128gb 4g 4'7 12mp 4k Touchid Apple Rfb Desbloqueado
938289971	Iphone 8 Apple Plus 256gb 01 Ano De Garantia Envio Imediato
941562066	Celular Motorola Moto G5 Xt1671 32gb Dual Original
941980041	* Mega Promoção * Samsung Galaxy S6 Edge G925 32gb -vitrine
946570128	Caterpillar Cat S60 - Duro Na Queda! - 32gb Câmera Termica!
949335507	Iphone 8 256gb Dourado
949937239	Smartphone Samsung Galaxy S9 128gb Preto - Lacrado C/nf
951258463	Celular Alcatel A3 Xl Max 3gb/32gb 9008n - Dourado Ou Preto
952975159	Xiaomi Mi A2 Lite 32gb 3gb Dual Chip Tela 5,84' - Rom Global
959701549	Iphone 8 Plus 64gb Original Lacrado Homologado Atanel
961199439	Xiaomi Mi A2 64gb 4gb 20mp Tela 5,99' Snapdragon 660 Android
963492882	Iphone 6 64gb Apple Original 4g 4'7 Rfb Desb A Vista R$1.499
963575260	Moto G5s Ouro Motorola Tela 5,2 4g 32gb 16mp - Xt1792
963749292	Iphone X 64gb Novo Lacrado Cpo Original Garantia 1 Ano Apple
964921219	Xiaomi Mi A1 5x Dual Chip 64gb 4gb Ram 4g - Dourado Ou Preto
966223464	Relógio Samsung Gear S3 Sm-r770 Classic Wifi Bluetooth
966734967	Celular Xiaomi Redmi Note 5 64gb 4gb Ram 5.9p 12mp Nfe Novo
966738228	Celular Xiaomi Redmi Note 5 64gb 4gb Ram 5.9 Nfe Novo 12x Sj
969476546	Iphone X 256gb 1 Ano De Garantia Apple. Pronta Entrega
976888913	Xiaomi Mi A2 32gb 4gb 20mp Tela 5,99' Snapdragon 660 Android
978883952	Iphone X 256gb  Novo! Lacrado!  Cpo! 1 Ano De Garantia Apple
979396465	Celular Samsung Galaxy A8 2018 Sm-a530f 64gb Preto
980833540	Apple Iphone 8 Plus 64gb Lacrado - Com Nota Fiscal
981152333	Motorola Moto G5 Xt1671 32gb Dual Sim Android 7.0 13mpx/5mpx
983449457	Iphone X 64gb Apple Lacrado
987076762	Iphone Apple X 256gb Orig Grt Apple Leia Anuncio Original
988804788	Xiaomi Redmi 5 Plus 64gb 4gb Dual Chip Rom Global Tela 5,99'
989085729	Smartphone Motorola Moto Z2 Play Polaroid Edition Dualchip
989752218	Iphone 5s 16gb Novo Lacrado Garantia Vendedor 6 Meses
992802586	Apple Iphone 7 128gb Original 4g Nacional 12mpx Ios| Vitrine
993672482	Smartphone Apple Iphone 5c 16gb Original Apple
994413047	Lançamento Xiaomi Redmi S2 32gb Dual Sim Rom Global Oreo 8.1
995484943	Xiaomi Mi A2 Lite 64gb 4gb Dual Chip Tela 5.84 Rom Global
996979135	Smartphone Apple Iphone 8 Plus 64gb Tela 5,5
998507121	Grátis Brindes Celular Iphone 5s 16gb - Leia Todo O Anúncio!
999595044	Iphone X 256gb Novo Lacrado Original Apple Garantia 1 Ano
999620409	Apple Iphone X 256gb 1 Ano De Garantia Anatel Original !
1001010116	Xiaomi Redmi 5 Plus 32gb 3gb Dual Chip Rom Global Tela 5,99'
1001975907	Iphone Apple X 64gb Novo Lacrado 5.8 Garantia De 01 Ano!
1002167408	Celular Smartphone Samsung Galaxy S9+ Preto 128gb
1002289092	Iphone X 64gb Prata Envio Imediato 1 Ano Garantia Brasil
1005840347	Apple Watch Nike+ Séries 3 42mm Lacrado
1005858211	Apple Watch Nike+ Séries 3 38mm Lacrado Novo
1006396800	Smartphone Motorola Moto E4 Plus Xt1771 Xt1773 16gb 5.5 Gold
1007140648	Promoção Xiaomi Redmi Note 5 4gb Ram 64gb + Full Cover
1007191413	Smartphone Samsung Galaxy J7 Pro 2017 Sm-j730gm Dual Sim 32g
1008316441	Motorola Moto G5s Xt1792 Anatel 32gb Nf-e Dourado I Vitrine
1008654818	Smartphone Motorola Moto C Plus Android 7.0 16gb Dual Chip
1010484705	Iphone 7 Plus 256gb Lacrado Nf Garantia Apple + 2 Brindes
1010668106	Iphone X 256 Gb Novo Lacrado Anatel Cpo
1011117609	Samsung A7 2017 64gb Novo A720 Lacrado Anatel 3gb Ram 16mp
1012139183	Smartphone Xiaomi Redmi Mi A2 Lite 64gb Dual 4gb Ram Global
1012227269	Apple Iphone 7 Plus 256gb Lacrado Garantia Um Ano +2 Brindes
1012568407	Smartphone Samsung A530f Galaxy A8 Duos Dual Tela 5.6 64gb
1012572119	Smartphone Samsung A530f Galaxy A8 Duos Dual Tela 5.6 64gb
1015544035	Celular Xiaomi Mi A2 Lite 64gb 4g Ram  Lacrado Envio 24hs
1015961356	Celular Smartphone Xiaomi Redmi 5 Plus 32gb Gold Novo
1015970159	Motorola Moto G6 Play 32gb Tela 5,7 Xt1922-5 Nota + Brinde
1016700656	Samsung Galaxy S9 Plus 128gb 6gb Ram Nacional + Nf
1017031802	Samsung A8 + Plus A730 Lançamento 64gb Tela 6 Novo 4gb Ram
1017636908	Celular Motorola Moto G6 Play Índigo Android 8.0 32gb 4g
1018417200	Smartphone Moto C Xt1758 16gb Tela 5 5mp/2mp 100%original
1018571570	Smartphone Motorola Moto G6 Play 32gb Índigo Xt1922/i
1018580732	Smartphone Motorola Moto G6 Plus 64gb Índigo Xt1926/i
1018669203	Motorola Moto G5s Plus Dual 32gb 5.5 13+13mp/8mp - Novo
1020035570	Smartphone Motorola Moto G6 Plus 64gb 4gb Octacore - Índigo
1022593405	Apple Iphone 8 64gb (lacrado Original) - Red (vermelho)
1023779967	Iphone 8 Plus 64gb 4g Com 1 Ano Garantia Apple Nota Fiscal
1025208041	Motorola Xt1710 Moto Z2 Play Dual Chip 64gb Original | Novo
1025607795	Apple Iphone 8 Plus 64gb Anatel
1025788464	Celular Motorola Moto G6 Plus 64gb 4gb Octacore 2.2ghz
1025804613	Celular Motorola Moto G6 Play Índigo 32 Gb Xt1922
1026490748	Motorola Moto G6 Plus Dual Android 8.0 5.9  64gb 4g 12mp
1026504117	Celular Motorola Moto G6 Play Índigo 32 Gb Xt1922
1027402963	Celular Smartphone Motorola Moto C Xt1750 8gb Dual Chip
1028671459	Celular Motorola Moto G6 Play Índigo Android 8.0 32gb 4g
1029075911	Celular Smartphone Motorola Moto Z2 Play 64gb Gold Xt1710-08
1029180893	Motorola Moto G6 Play 32gb Índigo Xt1922 Leia Anuncio
1029544663	Apple Watch Nike+ Séries 3 42mm Lacrado + Envio Imediato
1029807147	Celular Smartphone Moto E4 Plus 5.5 16gb Biometria Dual Sim
1029834904	Motorola Xt1925-3 Moto G6 32gb Nf Garantia Leia Anuncio
1030257890	Celular Smartphone Galaxy S9 +(plus) 128 Gb Preto
1031003797	Celular Barato Original Motorola G5 S 32gb Envio24h 4 Gb Ram
1031248030	Celular Xiaomi Redmi 6 32gb 3gb 12mp 5.45´´ Original Global
1031580444	Smartphone Sony Xperia Xa1 Ultra G3223 32gb 1sim
1032064086	Celular Moto G6 Play Dual Chip 5.7  32gb 4g 13mp
1032255419	Celular Novo Original Mi5 Plus Xiaomi Redmi 3gb 32gb Lacrado
1032968329	Xiaomi Mi A2 Global 4gb Ram 64gb 20mp Snapdragon 660 Android
1034138281	Apple Iphone 6 64gb Rfb Lacrado! Oferta Imperdível! Confira!
1034382580	Smartphone Lg K10 Novo M250ds Dourado Novo Com Nota Fiscal
1035030223	Motorola Moto G5s Plus 32gb G 5s Xt1805 2chip 4k 13mp
1035034762	Motorola Moto G5s Plus 32gb G 5s Xt1805 2chip 4k 13mp
1035166074	Smartphone Alcatel A3 Xl Max Dourado 32gb 3gb Ram Quad-core
1036990828	Motorola Moto G5s Plus Dual Sim 32gb Special Edition Lacrado
1037288883	Xiaomi Redmi Note 5 64gb Dual Global + Combo + Nota Fiscal
1038041560	Celular Xiaomi Redmi Note 4 64gb 5.5
1043016246	Apple Iphone 6 64gb Novo Lacrado Com Nota Fiscal
1043103938	Motorola Moto G6 Plus Dual Android 8.0 5.9 64gb 4g 12mp
1043437119	Celular New 100% Original Motorola Moto Z2 Play 64gb Xt1710
1043503732	Celular Xiaomi Redmi 5 Tela 5,7 Global 3gb Ram 32gb Interno
1043871865	Celular Positivo Twist Mini Tela 4.0 8mp 8gb 3g Android 6.0
1043880948	Celular Samsung Galaxy A8 Plus 6  64gb 4g 16mp
1044252530	Iphone 8 Plus Apple 64gb Retina Hd 5,5 Ios 11 4g Espacial
1044257698	Iphone 8 Apple Plus Com 64gb Dourado
1044473677	Smartphone Motorola Moto Z3 Play Stereo Speaker 64gb Tela 6
1045487943	Motorola Xt1900 Moto X4 Dual 32gb 4g Nf-e Original | Novo
1046397164	Smartphone Motorola Moto G6 Play 32gb 3gb Octacore - Ouro
1046781531	Iphone 8 64gb Vermelho Lacrado Nf Anatel 3388,88 Avista
1046787831	Motorola Moto G6 Play Xt1922 Nf Lacrado
1047430612	Smartphone Motorola Moto Z3 Play 64gb Indigo Lacrado
1047657004	Smartphone Samsung Galaxy S8 + Plus Tela 6.2 Dual Sim 64gb
1047753461	Celular Smartphone Motorola Moto Z3 Play Indigo Tela 6
1047753466	Celular Smartphone Motorola Moto Z3 Play Indigo Tela 6
1047891834	Smartphone Motorola Moto G6 Plus 64gb 4gb Octacore - Índigo
1049178770	Celular Motorola Moto Z3 Play 64gb Indigo
1049234402	Celular Smartphone Samsung Galaxy S9+ Cinza Tela 6.2  128gb
1049871895	Celular Xiaomi Redmi Note 5 64gb 4gb 5.99 + Capinha Pelicula
1050050349	Smartphone Xiaomi Redmi Note 4 32gb 3gb Ram Dual Chip Global
1050170314	Iphone 8 Plus 64gb Garantia De 1 Ano  Apple Novo Lacrado!!!
1050184472	Smartphone Motorola Moto G6 Play Dourado 32 Gb Xt1922/o
1051307693	Smartphone Xiaomi Redmi Note 5 64gb Mem 4gb Ram Dual 5.99pol
1051493880	Smartphone Caterpillar Cat S60 32gb 4g Original Com Nf-e
1051654890	Smartphone Motorola Moto C Plus Xt1723 Dualchip16gb Original
1052217524	Smartphone Motorola Moto Z3 Play Power Pack Dtv 64gb Índigo
1052937921	Smartphone Samsung Galaxy S7 Edge 128gb Blackpiano+ Nota
1053036989	Motorola Moto G5 Plus Xt1683 Promoção Vitrine Anatel 32gb
1053117552	Smartphone Motorola Moto E5 Plus Dual Chip Prom Dia Das Cria
1054424394	Celular Motorola Moto G6 Play 32gb 4g Android 8.0 Índigo
1054878748	Iphone 8 Plus 64gb Dourado Nota Fiscal Lacrado
1054895118	Iphone 8 Plus 64gb + Nota Fiscal + Lacrado  (avista 3888,88)
1055309712	Smartphone Xiaomi Redmi Note 5 32gb Mem 3gb Ram Dual 5.99pol
1056180430	Smartphone Motorola Moto G6 Play Dourado 32 Gb Xt1922
1056284560	Xiaomi Mi Mix 2s Global Branco 64gb, Pronta Entrega!
1056643341	Motorola Moto G6 Play Xt1922 Novo Lacrado Anatel Nf Dourado
1057683586	Smartphone Huawei P20 Lite Lx3 Single Sim 32gb Lacrado
1059557528	Xiaomi Redmi Note 5 64gb / 4gb Ram V. Global
1059858676	Promoção Celular Xiaomi Redmi Note 5 64gb 4gb Android Note5
1059858753	Novo Celular Xiaomi Redmi Note 5 64gb 4gb Ram Versão Global
1060033912	Celular Motorola Moto G6 Play 32gb 4g Android 8.0 Dourado
1060850452	Iphone 8 64gb Lacrado Nf
1060863433	Motorola Moto G6 Plus Dual Android 8.0 5.9  64gb 4g 12mp
1062350976	Celular Iphone 7 32gb Original Apple Vitrine Nf Desbloqueado
1062864884	Celular Motorola Moto G5s Plus Xt1805 32gb Brinde Notafiscal
1064164028	Apple Iphone X 256gb Preto - Lacrado Garantia 1 Ano
1064689264	Celular Smartphone Moto E4 Plus 5.5 16gb Biometria Dual Sim
1064788363	Smartphone Motorola Moto Z3 Play 128gb Dual Android 8.1 Ônix
1064790531	Smartphone Motorola Moto Z3 Play 128gb Dual Android 8.1 Ônix
1065114159	Apple Iphone 8 64gb - Lacrado - Anatel
1065283874	Celular Caterpillar Cat S60 Dual Chip 32gb 4g Original C/ Nf
1065585288	Promoção Celular Smartphone Moto E4 Plus 5.5 16gb Top
1065585530	Promoção Celular Smartphone Moto E4 Plus 5.5 16gb Biometria
1066788444	Smartphone Xiaomi Mi Mix 2s Dual Sim 64gb-5.99 12mp  Preto
1066929534	Celular Motorola Moto G6 Play 32gb Android 8 4g+microsd 16gb
1068576850	Apple Iphone 8 64gb - Vitrine Garantia 3 Meses Promoção.
1068666965	Celular Novo Xiaomi Redmi Note 5 64gb Pro 4gb Ram Global 4g
1068667284	Celular Original Xiaomi Redmi Note 5 64gb Pro 4gb Ram Global
1069048303	Xiaomu Mi A1 Xiaomin Redimir A1 64g Celular Xiaomi A1 Brinde
1069221420	Smartphone Samsung Galaxy J7 Prime 2 Dourado 32gb Dual Chip
1069423185	Celular Xiaomin Redmi Note 5 32gb 3gb Xiaomi Global Brinde
1069533955	Celular Xiaomi Redmi Note 5 Pro 64gb 4gb Global 12x Sem Juro
1069862053	Iphone 6 64gb Novo! Lacrado! Garantia De 03 Meses Vendedor
1071902269	Smartphone Motorola Moto G6 Plus 64gb Azul Topázio
1072478480	Motorola Moto C Plus Xt1723 Dual Chip 16gb 2g De Ram C Nf
1072694604	Smartphone Motorola Moto G6 Plus 64gb Octacore2.2ghz Topazio
1072947381	Samsung Galaxy S9+ S9 Plus Anatel 128gb Lacrado Nf Garantia
1073137174	Celular Moto G5s Plus 32gb 3gb Ram Platin+brinde+nota Fiscal
1074084470	Smartphone Xiaomi Redmi Note 5 64gb Mem 4gb Ram Dual 5.99pol
1074517610	Celular Xiaomi Redmi 6 32gb 3gb Ram Dual Camera Novo Lacrado
1074965120	Smartphone Lenovo K8 Plus 32gb Mem 3gb Ram Dual 4g 5.2pol
1075447621	Smartphone Meizu M5c Dual Sim 4g 2gb Ram 16gb - Preto
1075807685	Celular Samsung Galaxy J5 Pro Sm-j530g/ds 32gb Dourado
1075829522	Smartphone Samsung Galaxy A7 2017 64gb Rosa
1075913435	Apple Iphone 8 Plus 256gb Lacrado 1 Ano De Garantia
1076128732	Celular Xiaomi Redmi Note 5 64gb Global Lacrado Dual Chip
1076130218	Celular Xiaomi Redmi Note 5 64gb Global Lacrado Dual S/juros
1076567935	Smartphone Xiaomi Mi A2 Lite Global 4gb Ram 64gb P/ Entrega
1076682620	Samsung Galaxy S9 128gb 5.8 2.8ghz  12mp Lacrado Anatel +nfe
1077145209	Celular Motorola Moto G5 Xt1677 Dual Sim 16gb Android 7.0
1077147848	Celular Xiaomi Mi A2 64gb 4g Ram C\nota Black Novo Lacrado
1077157052	Celular Xiaomi Mi A2 64gb 4g Ram C\nota Black Novo Lacrado
1077518301	Smartphone Motorola Moto G5s Plus 32gb Mem 3gb Ram Dual
1078008721	Smartphone Meizu M5c Dual Sim 4g 2gb Ram 16gb - Preto
1078146167	Celular Xiaomi Redmi Note 5 32gb 3gb Global Lacrado Preto
1078513466	Iphone 6 Plus 64gb Lacrado E Cabo Lighting
1078653954	Samsung Galaxy S9 128gb Preto Sm-g9600/ds Anatel Lacrado
1078800753	Smartphone Xiaomi Mi A2 Lite 64gb Mem 4gb Ram 4g - Preto
1079371324	Celular Samsung Galaxy A8 Plus 2018 Sm-a730f 64gb Dourado
1079377092	Celular Samsung Galaxy A8 Plus 2018 Sm-a730f 64gb Preto
1079575088	Iphone X 64gb Novo Lacrado Anatel Nf Garantia Apple Prata
1080137203	Celular Xiaomi Redmi Note 5 64gb/4gb Versão Global Lacrado
1080195907	Smartphone Xiaomi Mi A2 Lite Global 3gb Ram 32gb P/ Entrega
1080200504	Smartphone Xiaomi Mi A2 Lite Global 3gb Ram 32gb P/ Entrega
1080200544	Celular Xiaomi Redmi Note 5 32gb Global Lacrado Dual S/juros
1080209407	Smartphone Xiaomi Mi A2 Lite Global 3gb Ram 32gb P/ Entrega
1080212639	Smartphone Xiaomi Mi A2 Lite Global 3gb Ram 32gb P/ Entrega
1080461251	Smartphone Xiaomi Mi A2 Lite 4gb Ram 64gb 4000mah 4g 5,84
1080552516	Iphone X 256gb Lacrado Garantia 1 Ano Parcelamento Sem Juros
1080679988	Smartphone Motorola Moto Z2 Play Xt1710 4gb/64gb 5.5'' Dual
1080762936	Smartphone Xiaomi Mi A2 4gb/64gb Dual Sim Tela 5.99'' Global
1080788081	Smartphone Xiaomi Mi A2 4gb/64gb Dual Sim Tela 5.99'' Global
1081212559	Celular Novo Smartphone Xiaomi Mi A2 64gb 4g 5,99 Ram Global
1081213942	Celular Lançamento Xiaomi Mi A2 64gb 4g Ram Global Promoção
1081214087	Celular Lançamento Xiaomi Mi A2 64gb 4g Ram Global Lacrado
1081323151	Smartphone Xiaomi Mi A2 Dualsim 4gb/32gb 5.99' Versão Global
1081331222	Smartphone Xiaomi Mi A2 Dualsim 4gb/32gb 5.99' Versão Global
1081966213	Celular Samsung Galaxy J7 Pro 64gb 5.5  64gb 4g 13mp
1081996918	Smartphone Xiaomi Mi A2 4gb/64gb Dual Sim Tela 5.99'' Global
1082047166	Celular Redmi Xiaomi 5a 4g 2gb Ram 16gb Tela 5
1082047230	Celular Redmi Xiaomi 5a 4g 2gb Ram 16gb Tela 5.0 P. Entrega
1082050510	Celular Redmi Xiaomi 5a 4g 2gb Ram 16gb Tela 5.0 Original
1082222062	Smartphone Motorola Moto G5s Xt1794 Dual Sim 32gb 5.2 16mp
1082527013	Iphone 6 16gb Novo Lacrado Original Apple 6 Mês Garantia
1082528178	Iphone 6 Plus 16gb Novo Lacrado Original Apple 6 Mês Garanti
1082530568	Celular Xiaomi Redmi Note 5 32gb 3gb  Global
1082828625	Iphone 6 64gb Novo! Lacrado! Garantia De 6 Meses Vendedor
1082845380	Smartphone Samsung Galaxy S9 Plus Preto 128gb, Tela Infinita
1083447711	Celular Motorola Moto G6 Plus 64gb 4gb Ram Tela 5.9 Índigo
1083712089	Celular Xiaomi Mi A2 Lite 64gb/4gb Lacrado Global Octacore
1084340822	Smartphone Xiaomi Mi A2 Dual Sim 32g - 5.99   -  Ver Cores
1084468558	Xiaomi Mi A2 Lite 64gb/4gb Ram V. Global Sem Juros
1084664814	Smartphone Xiaomi Redmi Note 5 64gb 4gb Ram 4g Tela 5.99
1084723595	Smartphone Lenovo K8 Note 32gb 3gb Ram 4g Dual Sim Tela 5.5
1085281958	Xiaomi Mi A2 128gb 6gb 20mp Tela 5,99 Snapdragon 660 Android
1085532013	Iphone 5s 32gb Novo Lacrado Garantia Vendedor 6 Meses
1085629274	Celular Xiaomi Redmi Note 5 32gb 3gb Global Lacrado Dourado
1085982402	Iphone 6 Plus 64gb Novo Lacrado Origina Apple Garantia 6 Mes
1086357946	Celular Xiaomi Mi 8 64gb 6gb Ram Snapdragon 845 Global
1086364697	Celular Xiaomi Mi 8 64gb 6gb Ram Global Snapdragon 845 Top
1086980120	Iphone 8 Plus 64gb + Nota Fiscal + Lacrado (avista 3888,88)
1087684396	Smartphone Xiaomi Mi 8 64gb/6gb Dual Sim Global P/ Entrega
1087722575	Smartphone Xiaomi Mi 8 64gb/6gb Dual Sim Global P/ Entrega
1087872453	Celular Xiaomi Mi A 2 A2 64gb 4g Ram Global Lançamento
1088837899	Celular Xiaomi Mi A1 4gb Ram 64gb 2 Chip Preto
1091111893	Motorola Moto E5 Xt1944-4 Platinum , Lacrado Nf
1091120060	Smartphone Xiaomi Mi A2 64gb Dualsim 4gb 5.99' Versão Global
1091147735	Celular Xiaomi Mi A2 Lite Global 3gb Ram 32gb Original
1091992932	Smartphone Motorola Moto E4 Plus Biometria 3g Ram Tela 5.5
1092474394	Apple Iphone X 64gb Preto Anatel Lacrado
1092661462	Xiaomi Redmi 6 64gb 4g 4gb Ram Tela 5,45' Android 8.1
1092661463	Celular Xiaomi Redmi 6 64gb 4g 4gb Ram Tela 5,45' Original
1093035273	Celular Xiaomi Redmi Note 4x 64gb 4gb Ram Original Lacrado
1093039426	Smartphone Xiaomi Redmi Note 5 32gb 3gb Original
1093175873	Celular Samsung J8 64gb Violeta Tela 6'' 4g
1093182031	Celular Samsung J8 64gb Prata Tela 6'' 4g
1093287213	Smartphone Samsung Galaxy J5 Prime 32gb 13mp +brindes
1094540437	Smartphone Samsung Galaxy S9 Plus 128gb Anatel/nf/garantia
1094961305	Smartphone Xiaomi Mi 8 Dualchip 128gb/6gb Versão Global
1095770972	Smartphone Xiaomi Mi A2 Dual Sim 32g - 5.99   -  Ver Cores
1095907681	Smartphone Samsung A530f Galaxy A8 Duos Dual Tela 5.6 64gb
1096480874	Smartphone Lenovo K8 Plus 32gb Mem 3gb Ram Dual 4g
1096689287	Smartphone Blu Vivo Xi+ Plus Dual Sim 128gb 6gb Ram Tela 6.2
1097126756	Smartphone Motorola G5s Plus 32gb Android Barato Celular 4g
1097195571	Apple Iphone 8 Plus 64gb Novo Lacrado 1 Ano Garantia Anatel
1097262306	Motorola Moto C Plus Xt1723 Dual Sim 16gb 4g Vermelho Oferta
1098574819	Celular Xiaomi Pocophone F1 128gb 6gb C\nota Global Lacrado
1098581653	Celular Xiaomi  Pocophone F1 64gb 6gb C\nota Global Lacrado
1100174661	Moto Z2 Play 64gb Xt1710 5.5 Full Hd 4gb Ram
1100178494	Smartphone  Moto Z2 Play 64gb Xt1710 5.5 Full Hd 4gb Ram
1100807681	Motorola Moto G6 Plus Azul Topazio Dual 5.9  64gb 4g 12mp
1102627055	Samsung J810m Galaxy J8 64gb
1102813037	Celular J810m Galaxy J8 64gb
1102913867	Smartphone Samsung Galaxy J4 J400m 16gb Desbloqueado Preto
1105523048	Apple Iphone 8 Plus 64gb Anatel 4g 1 Ano De Garantia + Nf
1107590289	Celular Xiaomin Redmi Note 5 64gb 4g Ram Pronta Entrega
1109397175	Iphone 8 64 Gb Apple Desbloqueado Anatel Lacrado Novo
1110226459	Apple Iphone 8 Plus 64gb Gold Dourado - Novo Lacrado
1111104349	Smartphone Xiaomi Redmi Note 4x 64gb 4gb Rom Global
1112728925	Celular Xiaomi Redmi S2 64gb 4gb De Ram 4g Lacrado *global
1113203077	Smartphone Samsung Galaxy J6 Sm-j600g/ds Dual Sim 32gb .
1113807094	Iphone X 256gb Modelo 1901 Anatel/ Com Nota Fiscal
1115291630	Relógio Smartwatch Samsung Gear Sm-r800 46mm Cinza
1115652402	Celular Xiaomi Redmi Note 5 64gb 4gb 5.99pol
1118394240	Celular Xiaomi Redmi Note 5 32gb 3gb C/ 3 Brindes
1118682127	Motorola Nextel I867  Ferrari - Otimo Estado
1119300954	Apple Iphone X 64gb Preto Anatel Lacrado
1119634973	Celular Xiaomi Redmi 6 32gb 3gb Ram Dual Cam
1120952433	Motorola Nextel I867  Ferrari - Otimo Estado
